<?xml version="1.0"?>
<doc>
    <assembly>
        <name>WebAppApi</name>
    </assembly>
    <members>
        <member name="M:WebAppApi.Controllers.PostController.Get">
            <summary>
            For Get all Post with comments
            </summary>
            <returns></returns>
        </member>
        <member name="M:WebAppApi.Controllers.PostController.Get(System.Int32)">
            <summary>
            Get one Post
            </summary>
            <param name="id">hansinin id-ni istiyirsiz onu yazin</param>
            <returns></returns>
        </member>
        <member name="M:WebAppApi.Controllers.PostController.Post(WebAppApi.Models.Post)">
            <summary>
            For create post
            </summary>
            <param name="post"></param>
            <returns>void</returns>
        </member>
        <member name="M:WebAppApi.Controllers.PostController.Put(System.Int32,WebAppApi.Models.Post)">
            <summary>
            For Update Post
            </summary>
            <param name="id">whichever item you want, you should write its 'Id'</param>
            <param name="post"></param>
            <returns></returns>
        </member>
        <member name="M:WebAppApi.Controllers.PostController.Delete(System.Int32)">
            <summary>
            To delete Post
            </summary>
            <param name="id">whichever item you want, you should write its 'Id'</param>
            <returns></returns>
        </member>
    </members>
</doc>
